bloc,model,rmse,mae,mape,n_test
A,naif,1.3762872762133138,1.0333333333333332,1.0141117563427557,24
A,sarima,1.913106178565998,1.5468408708775947,1.5158266422874824,24
A,sarimax_behavioral,1.8066598998330419,1.4762096151045956,1.449216161538157,24
B,naif,1.8425525772688276,1.3666666666666667,1.1129651480705627,36
B,sarima,1.9323665961287326,1.5276999543298773,1.243276851941545,36
B,sarimax_behavioral,1.976061776750682,1.5687714674231732,1.2766638592143549,36
