feature,pearson_corr,pearson_p-value,spearman_corr,spearman_p-value,importance_score,n_obs
youtube_composite,0.9599761122046989,2.572699362014243e-100,0.9616012007455188,6.911193653706113e-102,0.9607886564751089,180
besi,0.9156033009002156,1.397666687908785e-67,0.9100303197493433,2.2282591023178004e-65,0.9128168103247795,168
trends_composite,0.8988390289648213,1.1310134365959963e-65,0.8926695268372481,1.655097753182962e-63,0.8957542779010347,180
reddit_composite,0.5377438163476767,7.0313617279634195e-15,0.5401648199018488,5.0465743615578365e-15,0.5389543181247627,180
ipc_yoy,0.62923220361579,6.585912602024794e-20,0.3742945216920344,5.790402795373254e-07,0.5017633626539122,168
ipc_change,0.6289048391884166,6.972757022138444e-20,0.37319106503814015,6.287190707661639e-07,0.5010479521132783,168
ipc_mom,0.24343601975851026,0.0010246303935326272,0.23879647647144975,0.0012854941318155293,0.24111624811498,179
