Modele,RMSE,MAE,MAPE,AIC,Temps_s,Interpretabilite,Complexite
SARIMA,0.00206,0.00158,0.14,-1091.4,5.2,Haute,Moyenne
SARIMAX_BESI,0.00252,0.00201,0.18,-1095.2,7.1,Haute,Moyenne
Naive (RW),0.004066361670527568,0.0033454572852268413,0.2781982994447578,,0.0,Haute,Tres faible
LSTM,0.021103609108067477,0.01742816714436261,1.455442717311455,,2.9,Faible,Haute
LSTM_BESI,0.0554565718092423,0.05459032323547417,4.474696925720559,,2.2,Faible,Haute
