rmse,mae,mape,n_train,n_test,train_end
0.06081706841816032,0.05949682235259601,4.878638892386555,144,36,2021-12-01
