,Normal,Warning,High Stress
Normal,0.821917808219178,0.1780821917808219,0.0
Warning,0.1935483870967742,0.7419354838709677,0.06451612903225806
High Stress,0.022727272727272728,0.06818181818181818,0.9090909090909091
