keyword,pre_coef,post_coef,tstat,pvalue
trends_prix_alim,2.7317949606001974,6.778508789535607,-0.3507746778589858,0.7265593320940558
trends_inflation,1.443202693500389,7.279497446202182,-0.47003289279872557,0.6394438092072063
trends_composite,2.2463358249269874,7.950591448347886,-0.4486927588476888,0.6547083731813688
